tf,rr,touch_pct,max_bars,n,wr,total_r,pct_ret,max_dd,calmar,pf
Daily (2yr),3.5,0.5,2,85,54.1,68.56,95.1,4.5,21.01,2.86
Daily (2yr),4.0,0.5,2,84,52.4,65.2,88.5,4.5,19.55,2.72
Daily (2yr),3.0,0.5,2,85,54.1,61.45,82.2,4.5,18.15,2.66
Daily (2yr),3.5,0.5,3,79,53.2,62.59,84.0,4.9,17.13,2.78
Daily (2yr),3.5,0.3,2,71,56.3,57.13,74.7,4.9,15.39,3.03
Daily (2yr),3.0,0.5,3,79,53.2,57.33,74.9,4.9,15.14,2.63
Daily (2yr),4.0,0.5,3,77,50.6,57.17,74.2,4.9,15.13,2.58
Daily (2yr),3.5,0.5,5,72,45.8,56.92,73.8,4.9,15.06,2.52
Daily (2yr),4.0,0.3,2,70,54.3,54.06,69.3,4.9,14.27,2.86
Daily (2yr),2.5,0.5,2,85,54.1,49.66,62.5,4.5,13.79,2.35
Daily (2yr),3.0,0.3,2,71,56.3,52.07,66.4,4.9,13.68,2.85
Daily (2yr),2.0,0.5,2,87,57.5,49.04,61.8,4.5,13.65,2.44
Daily (2yr),3.0,0.5,5,72,47.2,50.81,64.0,4.9,13.05,2.39
Daily (2yr),4.0,0.5,5,70,42.9,50.9,63.6,4.9,12.98,2.32
Daily (2yr),2.0,0.5,3,81,58.0,47.49,59.3,4.9,12.11,2.48
Daily (2yr),3.5,0.3,3,65,53.8,46.8,57.8,4.8,12.02,2.69
Daily (2yr),2.0,0.3,3,66,59.1,39.08,46.8,4.0,11.78,2.58
Daily (2yr),1.5,0.5,2,90,61.1,43.33,53.1,4.5,11.74,2.32
Daily (2yr),2.0,0.3,2,72,59.7,42.48,51.8,4.7,11.01,2.63
Daily (2yr),3.0,0.3,3,65,53.8,43.39,52.7,4.8,10.96,2.57
Daily (2yr),1.5,0.5,3,87,62.1,42.47,51.8,4.9,10.52,2.33
Daily (2yr),2.5,0.5,3,79,53.2,45.9,56.5,5.4,10.45,2.31
Daily (2yr),3.5,0.3,5,60,48.3,51.9,65.7,6.3,10.36,2.76
Daily (2yr),2.5,0.3,2,71,56.3,42.56,51.7,5.1,10.1,2.52
Daily (2yr),4.0,0.3,3,64,50.0,40.3,47.8,4.8,9.94,2.36
Daily (2yr),4.0,0.2,2,59,50.8,40.69,48.5,4.9,9.8,2.51
Daily (2yr),1.5,0.3,2,74,60.8,35.08,41.2,4.2,9.77,2.34
Daily (2yr),1.5,0.3,3,71,62.0,33.96,39.7,4.1,9.64,2.33
30m   (~60d),4.0,0.1,16,12,75.0,9.36,9.6,1.0,9.63,4.12
Daily (2yr),2.5,0.5,5,73,49.3,44.47,54.3,5.6,9.62,2.22
Daily (2yr),3.5,0.2,2,60,53.3,43.79,53.2,5.7,9.42,2.69
Daily (2yr),3.0,0.3,5,60,50.0,47.56,59.0,6.4,9.23,2.67
30m   (~60d),4.0,0.1,10,12,75.0,8.98,9.2,1.0,9.22,3.99
Daily (2yr),2.5,0.1,2,48,54.2,24.56,27.1,3.0,9.14,2.23
30m   (~60d),3.5,0.1,16,12,75.0,8.86,9.1,1.0,9.1,3.95
30m   (~60d),3.0,0.1,16,12,75.0,8.83,9.1,1.0,9.07,3.94
30m   (~60d),3.5,0.1,10,12,75.0,8.48,8.7,1.0,8.69,3.83
30m   (~60d),3.0,0.1,10,12,75.0,8.45,8.7,1.0,8.66,3.82
Daily (2yr),2.0,0.5,5,74,56.8,48.17,60.4,7.0,8.64,2.53
Daily (2yr),4.0,0.3,5,59,44.1,44.59,54.0,6.3,8.51,2.41
Daily (2yr),2.5,0.3,3,65,53.8,35.34,41.2,5.0,8.22,2.28
Daily (2yr),2.0,0.1,2,48,58.3,26.98,30.3,3.7,8.22,2.51
Daily (2yr),2.5,0.2,2,61,54.1,34.97,40.8,5.2,7.91,2.35
30m   (~60d),2.5,0.1,16,12,75.0,7.68,7.8,1.0,7.85,3.56
Daily (2yr),3.5,0.1,2,47,53.2,31.36,35.8,4.6,7.78,2.58
30m   (~60d),2.5,0.1,10,12,75.0,7.3,7.4,1.0,7.45,3.43
Daily (2yr),3.0,0.2,2,60,53.3,39.99,47.8,6.6,7.28,2.54
Daily (2yr),2.0,0.2,2,61,57.4,34.39,40.1,5.6,7.12,2.44
30m   (~60d),3.0,0.1,6,12,75.0,6.89,7.0,1.0,7.0,3.3
Daily (2yr),1.5,0.5,5,83,60.2,41.62,50.5,7.3,6.95,2.28
Daily (2yr),3.0,0.1,2,47,53.2,27.42,30.7,4.7,6.59,2.38
Daily (2yr),4.0,0.1,2,46,50.0,26.86,29.8,4.6,6.47,2.29
Daily (2yr),2.0,0.1,5,44,54.5,26.73,30.0,4.7,6.42,2.44
Daily (2yr),4.0,0.2,3,57,45.6,29.54,32.9,5.2,6.37,2.0
Daily (2yr),2.0,0.3,5,61,57.4,41.14,49.8,7.9,6.33,2.68
30m   (~60d),2.0,0.1,16,12,75.0,6.18,6.3,1.0,6.28,3.06
Daily (2yr),2.0,0.1,3,47,55.3,23.19,25.5,4.2,6.1,2.18
Daily (2yr),3.5,0.2,3,58,48.3,32.54,37.1,6.1,6.1,2.14
Daily (2yr),2.5,0.1,3,47,48.9,18.23,19.3,3.2,5.98,1.81
30m   (~60d),2.5,0.1,6,12,75.0,5.89,6.0,1.0,5.96,2.96
Daily (2yr),2.5,0.3,5,60,50.0,37.44,44.1,7.4,5.93,2.31
Daily (2yr),3.5,0.1,5,42,45.2,31.77,36.1,6.1,5.91,2.47
Daily (2yr),3.5,0.2,5,53,43.4,38.11,44.7,7.6,5.89,2.33
30m   (~60d),2.0,0.1,10,12,75.0,5.8,5.9,1.0,5.88,2.93
Daily (2yr),4.0,0.2,5,52,40.4,34.3,39.2,6.7,5.86,2.16
30m   (~60d),4.0,0.1,6,12,75.0,5.7,5.7,1.0,5.74,2.9
30m   (~60d),1.5,0.1,16,12,75.0,5.43,5.5,1.0,5.51,2.81
Daily (2yr),2.0,0.2,3,59,54.2,29.19,33.0,6.1,5.41,2.14
Daily (2yr),2.5,0.2,3,59,49.2,26.59,29.5,5.6,5.28,1.93
Daily (2yr),2.5,0.1,5,43,46.5,22.65,24.7,4.7,5.25,2.05
Daily (2yr),4.0,0.1,5,41,41.5,26.92,29.7,5.7,5.25,2.19
30m   (~60d),3.5,0.1,6,12,75.0,5.2,5.2,1.0,5.23,2.73
Daily (2yr),1.5,0.3,5,68,58.8,32.59,37.7,7.2,5.21,2.23
Daily (2yr),3.5,0.1,3,46,47.8,23.78,25.9,5.1,5.1,2.05
30m   (~60d),2.0,0.1,6,12,75.0,4.96,5.0,1.0,5.01,2.65
30m   (~60d),1.5,0.1,10,12,75.0,4.94,5.0,1.0,5.0,2.65
Daily (2yr),3.0,0.2,3,58,48.3,30.63,34.6,7.0,4.95,2.07
Daily (2yr),1.5,0.1,2,48,58.3,20.94,22.8,4.6,4.93,2.17
Daily (2yr),3.0,0.2,5,53,45.3,35.27,40.9,8.5,4.82,2.28
30m   (~60d),1.5,0.1,6,12,75.0,4.67,4.7,1.0,4.72,2.56
Daily (2yr),2.0,0.2,5,55,52.7,30.73,35.1,7.5,4.66,2.25
Daily (2yr),2.5,0.2,5,54,46.3,29.15,32.8,7.1,4.62,2.06
Daily (2yr),3.0,0.1,5,42,45.2,26.43,29.3,6.6,4.46,2.23
Daily (2yr),3.0,0.1,3,46,47.8,21.23,22.8,5.1,4.44,1.94
Daily (2yr),1.5,0.2,2,62,58.1,26.94,30.3,7.0,4.32,2.13
Daily (2yr),1.5,0.1,5,47,55.3,19.45,21.0,5.0,4.23,2.0
Daily (2yr),1.0,0.5,2,97,63.9,26.19,29.3,7.1,4.15,1.77
Daily (2yr),1.5,0.1,3,48,58.3,19.57,21.2,5.1,4.14,2.0
Daily (2yr),1.0,0.5,3,95,64.2,26.1,29.2,7.3,4.03,1.78
Daily (2yr),4.0,0.1,3,45,44.4,19.28,20.3,5.1,4.0,1.82
Daily (2yr),1.5,0.2,3,62,58.1,25.57,28.5,7.5,3.81,2.0
30m   (~60d),1.0,0.1,16,12,75.0,3.58,3.6,1.0,3.57,2.19
1h    (2yr),4.0,0.5,5,185,44.3,22.36,23.3,6.7,3.46,1.3
Daily (2yr),1.0,0.3,2,80,62.5,19.19,20.7,6.1,3.39,1.66
Daily (2yr),1.0,0.3,3,78,62.8,19.1,20.6,6.3,3.27,1.67
Daily (2yr),1.5,0.2,5,60,55.0,23.95,26.4,8.3,3.2,1.94
1h    (2yr),3.5,0.5,5,185,44.3,20.74,21.4,6.7,3.18,1.28
1h    (2yr),4.0,0.5,8,185,44.3,22.56,23.5,7.5,3.13,1.29
Daily (2yr),1.0,0.5,5,93,62.4,23.97,26.5,8.7,3.04,1.7
1h    (2yr),3.0,0.5,5,185,44.3,19.74,20.3,6.7,3.01,1.26
30m   (~60d),1.0,0.1,10,12,75.0,2.94,2.9,1.0,2.91,1.98
1h    (2yr),2.5,0.5,5,185,44.9,18.71,19.2,6.7,2.84,1.25
1h    (2yr),3.5,0.5,8,185,44.3,20.44,21.0,7.5,2.8,1.27
1h    (2yr),3.5,0.5,3,185,51.9,17.72,18.0,6.6,2.73,1.25
30m   (~60d),1.0,0.1,6,12,75.0,2.67,2.7,1.0,2.64,1.89
1h    (2yr),3.0,0.5,8,185,44.3,18.99,19.4,7.5,2.58,1.25
30m   (~60d),4.0,0.2,16,13,53.8,5.04,5.0,2.0,2.51,1.84
1h    (2yr),4.0,0.5,3,185,51.9,18.53,18.9,7.6,2.47,1.26
1h    (2yr),2.5,0.5,8,185,44.9,17.22,17.4,7.3,2.39,1.23
Daily (2yr),1.0,0.3,5,76,60.5,16.97,18.1,7.8,2.32,1.58
30m   (~60d),4.0,0.2,10,13,53.8,4.66,4.6,2.0,2.31,1.78
1h    (2yr),3.0,0.5,3,185,51.9,15.52,15.5,6.8,2.27,1.22
30m   (~60d),3.5,0.2,16,13,53.8,4.54,4.5,2.0,2.25,1.76
30m   (~60d),3.0,0.2,16,13,53.8,4.5,4.5,2.0,2.24,1.75
1h    (2yr),2.0,0.5,5,185,44.9,14.44,14.3,6.7,2.12,1.19
30m   (~60d),3.5,0.2,10,13,53.8,4.16,4.1,2.0,2.06,1.69
30m   (~60d),3.0,0.2,10,13,53.8,4.13,4.1,2.0,2.04,1.69
Daily (2yr),1.0,0.1,2,50,60.0,10.77,11.1,5.5,2.01,1.57
Daily (2yr),1.0,0.1,5,50,60.0,10.97,11.3,5.9,1.93,1.58
1h    (2yr),3.0,0.2,3,120,51.7,17.02,17.6,9.3,1.9,1.38
Daily (2yr),1.0,0.2,2,66,60.6,14.77,15.5,8.3,1.86,1.59
Daily (2yr),1.0,0.1,3,50,60.0,10.5,10.8,5.9,1.84,1.54
1h    (2yr),3.5,0.2,3,120,51.7,16.51,16.9,9.3,1.83,1.37
1h    (2yr),3.0,0.2,5,120,44.2,15.46,15.7,8.8,1.78,1.32
Daily (2yr),1.0,0.2,3,66,60.6,14.5,15.2,8.7,1.75,1.57
30m   (~60d),2.5,0.2,16,13,53.8,3.5,3.4,2.0,1.73,1.58
1h    (2yr),3.0,0.2,8,120,45.0,15.2,15.4,9.0,1.7,1.31
Daily (2yr),1.0,0.2,5,65,60.0,13.97,14.6,8.7,1.68,1.56
1h    (2yr),2.5,0.2,5,120,45.0,13.85,13.9,8.8,1.59,1.29
1h    (2yr),4.0,0.2,3,120,51.7,14.21,14.3,9.3,1.55,1.32
30m   (~60d),2.5,0.2,10,13,53.8,3.13,3.1,2.0,1.53,1.52
1h    (2yr),2.5,0.2,8,120,45.8,13.59,13.7,9.0,1.51,1.28
1h    (2yr),3.5,0.1,3,94,45.7,13.23,13.2,8.7,1.51,1.32
1h    (2yr),3.5,0.2,5,120,44.2,13.23,13.1,8.8,1.49,1.28
1h    (2yr),4.0,0.2,5,120,44.2,12.76,12.6,8.8,1.43,1.27
1h    (2yr),3.0,0.1,3,94,45.7,12.38,12.3,8.7,1.41,1.3
1h    (2yr),2.0,0.5,8,185,44.9,12.39,12.0,8.5,1.41,1.16
1h    (2yr),3.5,0.2,8,120,45.0,12.92,12.8,9.0,1.41,1.27
15m   (~60d),4.0,0.3,32,15,33.3,4.31,4.1,3.0,1.38,1.43
30m   (~60d),4.0,0.3,16,14,50.0,4.18,4.1,3.0,1.37,1.6
30m   (~60d),2.5,0.5,16,15,46.7,4.14,4.0,3.0,1.36,1.52
1h    (2yr),3.0,0.1,8,94,41.5,12.02,11.8,8.7,1.36,1.28
1h    (2yr),4.0,0.2,8,120,45.0,12.46,12.2,9.0,1.35,1.26
1h    (2yr),3.0,0.1,5,94,41.5,11.7,11.5,8.7,1.32,1.27
1h    (2yr),2.5,0.5,3,185,51.9,10.02,9.5,7.3,1.3,1.14
1h    (2yr),2.5,0.2,3,120,51.7,12.02,12.0,9.3,1.29,1.27
1h    (2yr),3.5,0.1,8,94,41.5,11.53,11.2,8.7,1.29,1.27
1h    (2yr),4.0,0.1,8,94,41.5,11.56,11.2,8.7,1.29,1.27
1h    (2yr),4.0,0.1,3,94,45.7,11.43,11.2,8.7,1.28,1.28
30m   (~60d),2.0,0.2,16,13,53.8,2.56,2.5,2.0,1.25,1.43
1h    (2yr),4.0,0.1,5,94,41.5,11.29,10.9,8.7,1.25,1.26
1h    (2yr),3.5,0.1,5,94,41.5,11.26,10.9,8.7,1.25,1.26
1h    (2yr),2.0,0.2,3,120,52.5,11.27,11.2,9.3,1.21,1.26
30m   (~60d),3.5,0.3,16,14,50.0,3.68,3.6,3.0,1.2,1.53
1h    (2yr),2.0,0.2,5,120,45.8,11.23,11.1,9.5,1.17,1.24
1h    (2yr),2.0,0.2,8,120,46.7,10.97,10.8,9.3,1.16,1.23
1h    (2yr),2.0,0.5,3,185,51.9,9.11,8.6,7.6,1.13,1.13
30m   (~60d),2.5,0.5,10,15,46.7,3.46,3.3,3.0,1.13,1.43
15m   (~60d),4.0,0.3,20,15,33.3,3.52,3.3,3.0,1.11,1.35
30m   (~60d),2.0,0.2,10,13,53.8,2.18,2.1,2.0,1.06,1.36
30m   (~60d),3.0,0.3,16,14,50.0,3.07,3.0,3.0,1.0,1.44
30m   (~60d),4.0,0.3,10,14,50.0,3.1,3.0,3.0,1.0,1.44
30m   (~60d),3.0,0.2,6,13,53.8,2.06,2.0,2.0,0.98,1.34
30m   (~60d),2.5,0.3,16,14,50.0,2.81,2.7,3.0,0.91,1.4
15m   (~60d),3.5,0.3,32,15,33.3,2.81,2.6,3.0,0.88,1.28
30m   (~60d),1.5,0.2,16,13,53.8,1.81,1.7,2.0,0.88,1.3
15m   (~60d),4.0,0.3,12,15,33.3,2.78,2.6,3.0,0.86,1.28
30m   (~60d),3.5,0.3,10,14,50.0,2.6,2.5,3.0,0.84,1.37
15m   (~60d),3.5,0.1,20,12,33.3,3.46,3.3,3.9,0.84,1.43
1h    (2yr),1.0,0.2,5,120,51.7,6.04,5.8,7.0,0.83,1.15
1h    (2yr),2.5,0.1,3,94,45.7,7.57,7.1,8.7,0.82,1.18
1h    (2yr),1.5,0.5,5,185,45.9,7.65,7.0,8.7,0.81,1.1
1h    (2yr),1.0,0.2,8,120,52.5,5.93,5.7,7.2,0.79,1.14
15m   (~60d),3.5,0.3,20,15,33.3,2.52,2.3,3.0,0.78,1.25
15m   (~60d),3.5,0.1,32,12,33.3,3.2,3.0,3.9,0.77,1.4
1h    (2yr),2.5,0.1,8,94,41.5,7.04,6.5,8.7,0.75,1.16
15m   (~60d),3.5,0.1,12,12,33.3,3.13,2.9,3.9,0.75,1.39
1h    (2yr),2.5,0.1,5,94,41.5,6.72,6.2,8.7,0.71,1.15
30m   (~60d),2.0,0.5,16,15,46.7,2.14,2.0,3.0,0.68,1.27
30m   (~60d),2.5,0.3,10,14,50.0,2.13,2.0,3.0,0.68,1.3
1h    (2yr),1.5,0.5,8,185,46.5,6.92,6.3,9.3,0.67,1.09
30m   (~60d),3.0,0.3,10,14,50.0,2.1,2.0,3.0,0.67,1.3
1h    (2yr),1.0,0.2,3,120,56.7,4.94,4.7,7.4,0.63,1.13
30m   (~60d),1.5,0.2,10,13,53.8,1.32,1.2,2.0,0.63,1.22
1h    (2yr),2.0,0.3,8,145,44.8,6.58,5.9,10.0,0.59,1.11
1h    (2yr),2.0,0.3,5,145,44.1,6.41,5.8,10.0,0.58,1.11
1h    (2yr),1.5,0.2,5,120,46.7,5.14,4.7,8.8,0.54,1.11
1h    (2yr),1.5,0.2,3,120,53.3,5.34,5.0,9.3,0.54,1.12
15m   (~60d),4.0,0.1,20,12,33.3,2.25,2.1,3.9,0.53,1.28
15m   (~60d),3.5,0.3,12,15,33.3,1.78,1.6,3.0,0.53,1.18
30m   (~60d),4.0,0.5,16,15,40.0,2.01,1.8,3.5,0.52,1.22
1h    (2yr),1.5,0.2,8,120,47.5,5.07,4.6,9.0,0.51,1.11
30m   (~60d),2.5,0.2,6,13,53.8,1.06,1.0,2.0,0.48,1.18
1h    (2yr),1.5,0.5,3,185,52.4,4.59,3.9,8.2,0.48,1.07
1h    (2yr),2.0,0.1,3,94,46.8,4.47,4.0,8.7,0.46,1.11
15m   (~60d),3.5,0.2,20,13,30.8,2.46,2.3,4.9,0.46,1.27
15m   (~60d),3.0,0.1,20,12,33.3,1.96,1.8,4.0,0.45,1.25
30m   (~60d),2.0,0.5,10,15,46.7,1.46,1.3,3.0,0.45,1.18
30m   (~60d),4.0,0.5,6,15,46.7,1.45,1.3,3.0,0.44,1.18
30m   (~60d),2.5,0.5,6,15,46.7,1.38,1.2,3.0,0.42,1.17
30m   (~60d),2.0,0.3,16,14,50.0,1.31,1.2,3.0,0.41,1.19
1h    (2yr),2.0,0.3,3,145,51.7,4.31,3.7,9.0,0.41,1.08
15m   (~60d),3.5,0.2,32,13,30.8,2.2,2.0,4.9,0.41,1.24
1h    (2yr),2.0,0.1,8,94,42.6,4.03,3.5,8.7,0.4,1.1
15m   (~60d),3.0,0.1,32,12,33.3,1.7,1.5,4.0,0.39,1.21
1h    (2yr),4.0,0.3,3,145,51.0,5.37,4.6,11.8,0.39,1.09
15m   (~60d),3.5,0.2,12,13,30.8,2.13,1.9,4.9,0.39,1.24
1h    (2yr),4.0,0.3,8,145,43.4,5.53,4.7,12.4,0.38,1.09
1h    (2yr),3.0,0.3,8,145,43.4,5.5,4.7,12.4,0.38,1.09
15m   (~60d),3.0,0.3,32,15,33.3,1.31,1.1,3.0,0.38,1.13
15m   (~60d),3.0,0.3,20,15,33.3,1.31,1.1,3.0,0.38,1.13
30m   (~60d),3.5,0.5,16,15,40.0,1.51,1.3,3.5,0.38,1.17
15m   (~60d),3.0,0.1,12,12,33.3,1.63,1.5,4.0,0.37,1.2
1h    (2yr),2.0,0.1,5,94,42.6,3.72,3.2,8.7,0.36,1.09
1h    (2yr),1.0,0.5,5,185,49.7,4.29,3.7,10.6,0.35,1.06
1h    (2yr),2.5,0.3,8,145,44.1,5.16,4.4,12.6,0.35,1.08
30m   (~60d),4.0,0.2,6,13,53.8,0.86,0.7,2.1,0.35,1.14
30m   (~60d),4.0,0.3,6,14,50.0,1.17,1.0,3.0,0.35,1.17
1h    (2yr),3.5,0.3,3,145,51.0,4.67,3.9,11.8,0.33,1.08
1h    (2yr),3.0,0.3,3,145,51.0,4.47,3.8,11.8,0.32,1.08
1h    (2yr),3.0,0.3,5,145,42.8,4.57,3.8,13.1,0.29,1.07
1h    (2yr),3.5,0.3,8,145,43.4,4.45,3.6,12.4,0.29,1.07
1h    (2yr),4.0,0.3,5,145,42.8,4.64,3.8,12.9,0.29,1.07
1h    (2yr),2.5,0.3,5,145,43.4,4.47,3.7,12.9,0.29,1.07
1h    (2yr),1.0,0.5,3,185,55.1,3.24,2.7,9.2,0.29,1.05
30m   (~60d),3.5,0.5,6,15,46.7,0.95,0.8,3.0,0.28,1.12
1h    (2yr),1.0,0.5,8,185,50.3,3.49,2.9,10.6,0.27,1.05
30m   (~60d),4.0,0.5,10,15,40.0,0.93,0.8,3.3,0.23,1.1
15m   (~60d),4.0,0.1,32,12,33.3,1.05,0.9,3.9,0.22,1.13
15m   (~60d),4.0,0.2,20,13,30.8,1.25,1.1,4.9,0.22,1.14
1h    (2yr),3.5,0.3,5,145,42.8,3.57,2.7,12.9,0.21,1.06
30m   (~60d),3.0,0.5,16,15,40.0,0.89,0.7,3.5,0.21,1.1
15m   (~60d),3.0,0.3,12,15,33.3,0.78,0.6,3.0,0.2,1.08
30m   (~60d),2.0,0.3,10,14,50.0,0.63,0.5,3.0,0.18,1.09
30m   (~60d),3.5,0.3,6,14,50.0,0.67,0.5,3.0,0.18,1.1
15m   (~60d),3.0,0.2,20,13,30.8,0.96,0.8,4.9,0.16,1.11
30m   (~60d),3.5,0.2,6,13,53.8,0.36,0.3,2.1,0.12,1.06
15m   (~60d),3.0,0.2,32,13,30.8,0.7,0.5,4.9,0.11,1.08
30m   (~60d),3.0,0.5,6,15,46.7,0.45,0.3,3.0,0.11,1.06
30m   (~60d),1.5,0.2,6,13,53.8,0.27,0.2,2.0,0.1,1.04
15m   (~60d),3.0,0.2,12,13,30.8,0.63,0.4,4.9,0.09,1.07
30m   (~60d),3.5,0.5,10,15,40.0,0.43,0.3,3.3,0.08,1.05
15m   (~60d),2.5,0.1,20,12,33.3,0.46,0.3,4.5,0.07,1.06
1h    (2yr),1.5,0.3,5,145,44.8,1.09,0.4,10.3,0.04,1.02
1h    (2yr),1.5,0.3,8,145,45.5,1.13,0.5,10.7,0.04,1.02
1h    (2yr),1.5,0.3,3,145,52.4,0.97,0.4,9.2,0.04,1.02
15m   (~60d),2.5,0.1,32,12,33.3,0.2,0.1,4.5,0.02,1.03
30m   (~60d),3.0,0.3,6,14,50.0,0.17,0.1,3.0,0.02,1.02
30m   (~60d),1.5,0.5,16,15,46.7,0.14,0.0,3.0,0.02,1.02
1h    (2yr),2.5,0.3,3,145,51.0,0.97,0.3,11.9,0.02,1.02
15m   (~60d),2.5,0.1,12,12,33.3,0.13,-0.0,4.5,-0.0,1.02
30m   (~60d),2.0,0.2,6,13,53.8,0.06,-0.0,2.0,-0.01,1.01
1h    (2yr),1.0,0.3,3,145,55.2,0.4,-0.1,8.0,-0.01,1.01
1h    (2yr),1.0,0.3,5,145,49.0,0.44,-0.1,9.5,-0.01,1.01
1h    (2yr),1.0,0.3,8,145,49.7,0.41,-0.1,9.4,-0.01,1.01
15m   (~60d),1.5,0.1,20,12,41.7,-0.04,-0.1,5.4,-0.02,0.99
15m   (~60d),1.0,0.1,20,12,50.0,0.0,-0.1,4.0,-0.02,1.0
15m   (~60d),1.0,0.1,32,12,50.0,0.0,-0.1,4.0,-0.02,1.0
15m   (~60d),1.0,0.1,12,12,50.0,0.0,-0.1,4.0,-0.02,1.0
15m   (~60d),4.0,0.2,32,13,30.8,0.05,-0.1,4.9,-0.03,1.01
30m   (~60d),2.5,0.3,6,14,50.0,-0.06,-0.2,3.0,-0.05,0.99
30m   (~60d),1.0,0.2,16,13,53.8,-0.04,-0.1,2.0,-0.05,0.99
30m   (~60d),3.0,0.5,10,15,40.0,-0.07,-0.2,3.3,-0.07,0.99
15m   (~60d),1.5,0.1,32,12,41.7,-0.3,-0.4,5.4,-0.07,0.96
30m   (~60d),2.0,0.5,6,15,46.7,-0.12,-0.2,3.0,-0.08,0.98
15m   (~60d),1.5,0.1,12,12,41.7,-0.37,-0.5,5.4,-0.08,0.95
30m   (~60d),1.5,0.3,16,14,50.0,-0.19,-0.3,3.0,-0.09,0.97
15m   (~60d),2.5,0.3,32,15,33.3,-0.19,-0.3,3.0,-0.12,0.98
15m   (~60d),2.5,0.3,20,15,33.3,-0.19,-0.3,3.0,-0.12,0.98
1h    (2yr),1.5,0.1,8,94,43.6,-0.76,-1.2,9.4,-0.13,0.98
15m   (~60d),2.5,0.2,20,13,30.8,-0.54,-0.7,4.9,-0.14,0.94
15m   (~60d),4.0,0.5,32,17,29.4,-0.77,-1.0,6.0,-0.16,0.93
15m   (~60d),2.5,0.3,12,15,33.3,-0.35,-0.5,3.0,-0.17,0.96
1h    (2yr),1.5,0.1,3,94,47.9,-1.23,-1.7,9.9,-0.17,0.97
1h    (2yr),1.5,0.1,5,94,43.6,-1.26,-1.7,9.5,-0.18,0.97
15m   (~60d),2.5,0.2,32,13,30.8,-0.8,-0.9,4.9,-0.19,0.91
15m   (~60d),2.5,0.2,12,13,30.8,-0.87,-1.0,4.9,-0.21,0.9
30m   (~60d),1.5,0.5,10,15,46.7,-0.54,-0.6,3.0,-0.21,0.93
15m   (~60d),2.0,0.1,20,12,33.3,-1.04,-1.1,4.9,-0.23,0.87
15m   (~60d),2.0,0.1,32,12,33.3,-1.3,-1.4,4.9,-0.28,0.84
15m   (~60d),4.0,0.5,20,17,29.4,-1.55,-1.7,6.0,-0.29,0.86
1h    (2yr),1.0,0.1,8,94,47.9,-3.16,-3.4,11.3,-0.3,0.92
15m   (~60d),2.0,0.1,12,12,33.3,-1.37,-1.5,4.9,-0.3,0.83
30m   (~60d),1.5,0.3,10,14,50.0,-0.87,-0.9,3.0,-0.32,0.88
15m   (~60d),3.5,0.5,32,17,29.4,-1.77,-1.9,6.0,-0.32,0.84
1h    (2yr),1.0,0.1,5,94,47.9,-3.54,-3.8,11.6,-0.33,0.91
15m   (~60d),1.5,0.3,20,15,40.0,-0.97,-1.1,3.0,-0.36,0.89
1h    (2yr),1.0,0.1,3,94,51.1,-4.11,-4.3,12.1,-0.36,0.89
15m   (~60d),1.5,0.3,32,15,40.0,-0.97,-1.1,3.0,-0.36,0.89
15m   (~60d),1.5,0.3,12,15,40.0,-0.97,-1.1,3.0,-0.36,0.89
30m   (~60d),1.0,0.2,10,13,53.8,-0.68,-0.7,2.0,-0.37,0.89
15m   (~60d),3.5,0.5,20,17,29.4,-2.05,-2.2,6.0,-0.37,0.82
30m   (~60d),2.0,0.3,6,14,50.0,-1.06,-1.1,3.0,-0.38,0.85
15m   (~60d),4.0,0.1,12,12,33.3,-1.61,-1.7,3.9,-0.43,0.8
15m   (~60d),2.0,0.2,20,13,30.8,-2.04,-2.1,4.9,-0.43,0.77
15m   (~60d),4.0,0.2,12,13,30.8,-1.97,-2.1,4.9,-0.43,0.78
15m   (~60d),3.0,0.5,20,17,29.4,-2.75,-2.9,6.0,-0.48,0.75
15m   (~60d),2.0,0.2,32,13,30.8,-2.3,-2.4,4.9,-0.48,0.74
15m   (~60d),3.0,0.5,32,17,29.4,-2.77,-2.9,6.0,-0.48,0.75
30m   (~60d),1.0,0.3,16,14,50.0,-1.54,-1.6,3.3,-0.49,0.78
15m   (~60d),2.0,0.2,12,13,30.8,-2.37,-2.4,4.9,-0.5,0.74
15m   (~60d),1.0,0.2,32,13,38.5,-3.0,-3.0,5.9,-0.51,0.62
15m   (~60d),1.0,0.2,20,13,38.5,-3.0,-3.0,5.9,-0.51,0.62
15m   (~60d),1.0,0.2,12,13,38.5,-3.0,-3.0,5.9,-0.51,0.62
15m   (~60d),2.0,0.3,20,15,33.3,-1.47,-1.6,3.0,-0.53,0.85
15m   (~60d),2.0,0.3,12,15,33.3,-1.47,-1.6,3.0,-0.53,0.85
15m   (~60d),2.0,0.3,32,15,33.3,-1.47,-1.6,3.0,-0.53,0.85
30m   (~60d),1.0,0.5,16,15,46.7,-1.71,-1.8,3.3,-0.54,0.79
15m   (~60d),4.0,0.5,12,17,23.5,-3.1,-3.2,6.0,-0.54,0.72
30m   (~60d),1.5,0.5,6,15,46.7,-1.62,-1.7,3.0,-0.57,0.8
15m   (~60d),3.5,0.5,12,17,23.5,-3.6,-3.7,6.0,-0.62,0.68
30m   (~60d),1.0,0.2,6,13,53.8,-1.23,-1.3,2.0,-0.63,0.79
15m   (~60d),2.5,0.5,32,17,29.4,-3.77,-3.8,6.0,-0.64,0.66
15m   (~60d),2.5,0.5,20,17,29.4,-3.75,-3.8,6.0,-0.64,0.66
15m   (~60d),1.5,0.2,20,13,30.8,-3.54,-3.6,5.4,-0.66,0.61
15m   (~60d),3.0,0.5,12,17,23.5,-4.1,-4.2,6.0,-0.69,0.64
30m   (~60d),1.5,0.3,6,14,50.0,-2.06,-2.1,3.0,-0.71,0.71
15m   (~60d),1.5,0.2,32,13,30.8,-3.8,-3.8,5.4,-0.71,0.58
15m   (~60d),1.5,0.2,12,13,30.8,-3.87,-3.9,5.4,-0.72,0.57
30m   (~60d),1.0,0.3,10,14,50.0,-2.37,-2.4,3.3,-0.74,0.66
15m   (~60d),1.0,0.3,20,15,40.0,-3.0,-3.0,4.0,-0.76,0.67
15m   (~60d),1.0,0.3,32,15,40.0,-3.0,-3.0,4.0,-0.76,0.67
15m   (~60d),1.0,0.3,12,15,40.0,-3.0,-3.0,4.0,-0.76,0.67
15m   (~60d),2.5,0.5,12,17,23.5,-4.74,-4.7,6.1,-0.78,0.58
15m   (~60d),2.0,0.5,20,17,29.4,-4.75,-4.7,6.0,-0.79,0.57
15m   (~60d),1.5,0.5,32,17,29.4,-5.36,-5.3,6.7,-0.79,0.52
30m   (~60d),1.0,0.5,10,15,46.7,-2.54,-2.6,3.3,-0.79,0.68
15m   (~60d),1.5,0.5,20,17,29.4,-5.36,-5.3,6.7,-0.79,0.52
15m   (~60d),2.0,0.5,32,17,29.4,-4.77,-4.8,6.0,-0.79,0.57
15m   (~60d),1.5,0.5,12,17,23.5,-6.23,-6.1,7.5,-0.82,0.45
30m   (~60d),1.0,0.3,6,14,50.0,-2.75,-2.8,3.3,-0.83,0.61
30m   (~60d),1.0,0.5,6,15,46.7,-2.82,-2.8,3.3,-0.85,0.65
15m   (~60d),2.0,0.5,12,17,23.5,-5.74,-5.7,6.6,-0.86,0.49
15m   (~60d),1.0,0.5,20,17,29.4,-6.4,-6.3,7.2,-0.87,0.43
15m   (~60d),1.0,0.5,32,17,29.4,-6.4,-6.3,7.2,-0.87,0.43
15m   (~60d),1.0,0.5,12,17,23.5,-7.26,-7.1,8.0,-0.88,0.36
